2032,Gembucket,Indigo
4064,Flowdesk,Pink
4509,Sonair,Red
3800,Holdlamis,Aquamarine
575,Zamit,Indigo
3142,Zamit,Turquoise
4686,QuoLux,Indigo
2326,Ventosanzap,Yellow
1256,Hatity,Indigo
1770,FixSan,Purple
1143,Wrapsafe,Green
2672,Bytecard,Khaki
4971,Namfix,Mauv
4382,Zontrax,Maroon
3041,Tresom,Green
3331,Cardguard,Mauv
4869,Regrant,Turquoise
4946,Ronstring,Aquamarine
3320,Hatity,Pink
2913,HomeIng,Turquoise
349,HomeIng,Indigo
36,Otcom,Puce
3516,Tin,Khaki
2627,Sonair,Maroon
4027,Zoolab,Purple
4647,Redhold,Red
4112,Subin,Pink
4141,HomeIng,Mauv
4417,FixSan,Goldenrod
4392,Latlux,Green
4822,Bamity,Goldenrod
2558,Stringtough,Fuscia
2704,Lotstring,Crimson
758,Konklab,Orange
1191,Ventosanzap,Goldenrod
1381,Viva,Teal
1250,Regrant,Khaki
586,Treeflex,Blue
3516,Bamity,Violet
1502,Treeflex,Turquoise
2446,Lotlux,Blue
3169,Solarbreeze,Violet
4151,Regrant,Goldenrod
618,Zamit,Puce
451,Sub-Ex,Red
1532,Trippledex,Crimson
3687,Keylex,Orange
4025,Otcom,Red
2624,Biodex,Crimson
1752,HomeIng,Indigo
38,Cardify,Puce
122,Flexidy,Goldenrod
2537,Bamity,Violet
2434,Alphazap,Pink
473,It,Pink
1956,HomeIng,Violet
2570,Trippledex,Violet
259,Asoka,Crimson
1118,Sonair,Turquoise
596,Toughjoyfax,Goldenrod
3262,Tin,Teal
3536,Hatity,Maroon
3450,Bitchip,Yellow
1368,HomeIng,Khaki
3925,Holdlamis,Indigo
4297,Bytecard,Crimson
1345,Stronghold,Blue
4909,Matsoft,Yellow
2234,Zathin,Indigo
659,Bigtax,Khaki
349,Lotlux,Green
4548,Alphazap,Teal
3191,Bitwolf,Blue
4571,Wrapsafe,Green
589,Pannier,Fuscia
2348,Greenlam,Blue
898,Fintone,Khaki
3232,Hatity,Purple
3476,Sonsing,Goldenrod
561,Regrant,Green
306,Temp,Indigo
3812,Ronstring,Mauv
2561,Cardguard,Maroon
3517,Cardguard,Puce
3113,Lotstring,Blue
35,Aerified,Maroon
1563,Matsoft,Turquoise
1156,Sonair,Teal
360,Temp,Mauv
700,Ventosanzap,Crimson
3770,Job,Red
2283,Viva,Aquamarine
2867,Matsoft,Crimson
3842,FixSan,Violet
4989,MatLamTam,Yellow
255,Bigtax,Blue
4502,Subin,Puce
3413,Konklux,Violet
3224,Keylex,Maroon
282,Tampflex,Maroon
574,Tampflex,Red
586,Subin,Indigo
4240,Flexidy,Goldenrod
1935,Sonsing,Teal
2716,Subin,Yellow
2128,Kanlam,Red
2912,Konklab,Maroon
2851,Regrant,Red
1290,Zamit,Teal
4219,Voltsillam,Red
3760,Alphazap,Mauv
937,It,Purple
2746,Sonsing,Puce
2049,Andalax,Red
1055,Opela,Khaki
895,Lotstring,Turquoise
800,Span,Puce
4560,Greenlam,Green
4821,Job,Red
3069,Job,Goldenrod
4237,Fixflex,Goldenrod
5000,Sonair,Khaki
3601,Toughjoyfax,Yellow
937,Hatity,Mauv
173,Hatity,Yellow
4921,Namfix,Fuscia
3881,Holdlamis,Purple
2907,Fixflex,Pink
1447,Greenlam,Orange
1132,HomeIng,Yellow
2279,Domainer,Yellow
3084,HomeIng,Maroon
4363,Tin,Mauv
2483,Temp,Purple
1803,Sub-Ex,Puce
834,FixSan,Blue
4398,Ronstring,Mauv
4381,Span,Fuscia
2076,Bitchip,Crimson
426,Bigtax,Crimson
3126,Transcof,Khaki
266,Temp,Teal
4868,Tres-Zap,Indigo
2068,FixSan,Maroon
3460,Lotlux,Orange
851,Span,Teal
4854,Aerified,Indigo
759,Holdlamis,Teal
1102,Stronghold,Violet
4242,Fintone,Mauv
4730,Flexidy,Yellow
3342,Tresom,Yellow
1781,Ventosanzap,Crimson
883,Bigtax,Indigo
1257,Cardify,Pink
1627,Viva,Green
1766,Opela,Mauv
3783,Opela,Maroon
82,Sub-Ex,Aquamarine
4985,Gembucket,Red
3174,Ronstring,Teal
1913,Bytecard,Fuscia
4654,Konklab,Purple
2159,Domainer,Aquamarine
3080,Transcof,Puce
2606,HomeIng,Violet
3039,Fintone,Goldenrod
3054,Zathin,Turquoise
4485,Overhold,Goldenrod
22,Domainer,Aquamarine
4331,Rank,Maroon
3517,Gembucket,Purple
4977,Y-find,Mauv
2281,Cookley,Turquoise
2258,QuoLux,Purple
4294,Greenlam,Violet
3321,Lotlux,Maroon
4088,Daltfresh,Purple
1455,Trippledex,Goldenrod
4405,Rank,Pink
3332,Zamit,Violet
552,Tin,Aquamarine
3295,Zontrax,Maroon
4209,Zontrax,Indigo
4971,Span,Turquoise
4781,FixSan,Red
77,Greenlam,Orange
2165,Subin,Maroon
2024,Alphazap,Green
658,Namfix,Orange
3629,HomeIng,Goldenrod
4174,Toughjoyfax,Green
622,Andalax,Maroon
1753,Lotlux,Teal
3900,Alpha,Orange
4635,Stringtough,Blue
4982,Bamity,Red
3936,Bamity,Khaki
106,Holdlamis,Maroon
3701,QuoLux,Aquamarine
4513,Ronstring,Crimson
2225,Zontrax,Mauv
821,FixSan,Purple
4900,Temp,Khaki
1713,Transcof,Mauv
3902,Kanlam,Green
2795,Treeflex,Pink
1428,Asoka,Puce
3365,Tres-Zap,Green
2885,Sonair,Pink
4679,Aerified,Indigo
368,Vagram,Pink
314,Zamit,Green
4756,Lotlux,Yellow
4146,Tin,Turquoise
2470,Alpha,Crimson
3703,Regrant,Khaki
3463,Konklab,Yellow
2803,Otcom,Yellow
4442,Lotlux,Crimson
4525,Latlux,Green
3175,Zathin,Green
3297,Zamit,Khaki
3107,Fixflex,Orange
2721,Lotlux,Aquamarine
2777,Tampflex,Indigo
1202,Konklab,Puce
704,Konklux,Indigo
4726,Zathin,Green
4272,Duobam,Maroon
1692,Treeflex,Red
1442,Stim,Maroon
20,Bytecard,Green
3284,Alphazap,Green
4508,Redhold,Turquoise
428,Zaam-Dox,Aquamarine
173,Namfix,Teal
3902,Tampflex,Goldenrod
211,Greenlam,Blue
4106,Flowdesk,Indigo
1540,QuoLux,Maroon
598,HomeIng,Mauv
1994,Andalax,Maroon
808,It,Fuscia
3452,Biodex,Green
4639,Namfix,Teal
3688,Latlux,Goldenrod
2148,Bitchip,Yellow
3937,Tresom,Green
1576,Veribet,Teal
693,Fixflex,Crimson
4613,Gembucket,Violet
4315,Ventosanzap,Crimson
2054,Ventosanzap,Yellow
1891,Stronghold,Green
3157,Bitchip,Fuscia
3975,Tres-Zap,Khaki
2169,Alpha,Orange
3972,Tempsoft,Turquoise
3465,Zaam-Dox,Indigo
1388,Trippledex,Orange
3675,Lotstring,Orange
1656,Latlux,Violet
4352,Solarbreeze,Aquamarine
635,Zoolab,Mauv
2052,Tampflex,Maroon
976,Alphazap,Khaki
184,Temp,Purple
4026,Bigtax,Puce
34,Andalax,Fuscia
3816,Toughjoyfax,Mauv
4477,Job,Pink
4597,MatLamTam,Khaki
323,Sub-Ex,Indigo
2939,Y-Solowarm,Khaki
304,Voyatouch,Orange
3421,Bitchip,Puce
2050,Fixflex,Blue
911,Sonair,Blue
3326,Konklab,Mauv
381,Rank,Crimson
4921,Bitchip,Goldenrod
3364,Duobam,Maroon
3479,Viva,Green
1094,Alpha,Pink
1762,Asoka,Fuscia
2211,Flowdesk,Mauv
363,Zoolab,Khaki
1953,Zontrax,Yellow
3650,Toughjoyfax,Fuscia
3633,It,Maroon
2240,Job,Blue
1649,Konklab,Crimson
3481,Zaam-Dox,Green
2658,Treeflex,Fuscia
3466,Flexidy,Red
1679,Kanlam,Puce
1857,Vagram,Green
1453,Fintone,Goldenrod
237,It,Purple
4215,Tresom,Goldenrod
3149,Span,Blue
820,Asoka,Mauv
1596,QuoLux,Turquoise
3356,Aerified,Puce
765,Temp,Purple
4793,Holdlamis,Goldenrod
2457,Stronghold,Fuscia
2865,Toughjoyfax,Blue
3469,Overhold,Fuscia
833,Redhold,Turquoise
3989,Bitchip,Goldenrod
3328,Kanlam,Green
1566,Bitwolf,Pink
613,Sub-Ex,Fuscia
4110,Sonsing,Puce
266,Prodder,Indigo
2672,Tampflex,Green
256,Lotstring,Yellow
1791,Bitwolf,Indigo
71,Matsoft,Turquoise
1694,Overhold,Mauv
4668,It,Maroon
1933,Bigtax,Puce
264,Toughjoyfax,Orange
1168,Namfix,Fuscia
4265,Fintone,Goldenrod
4513,Otcom,Green
3397,Cookley,Purple
591,Domainer,Turquoise
2529,Y-Solowarm,Aquamarine
2614,Y-Solowarm,Yellow
1203,Duobam,Turquoise
4163,Lotstring,Violet
3378,Cookley,Crimson
643,Y-Solowarm,Orange
3519,Redhold,Fuscia
852,Namfix,Goldenrod
2991,Fixflex,Orange
203,Fixflex,Puce
3436,Konklab,Purple
4336,Gembucket,Maroon
3676,Asoka,Maroon
3929,Duobam,Mauv
491,Bigtax,Blue
2623,Fintone,Fuscia
1204,Treeflex,Crimson
4503,Toughjoyfax,Green
287,FixSan,Red
4618,Job,Fuscia
2125,Otcom,Puce
878,Zaam-Dox,Indigo
2757,Sonair,Goldenrod
1088,Zontrax,Puce
2872,Asoka,Maroon
4568,Veribet,Maroon
97,Y-Solowarm,Pink
3187,Prodder,Indigo
1607,MatLamTam,Orange
3366,Hatity,Mauv
425,Flowdesk,Mauv
4477,QuoLux,Purple
4490,Tampflex,Yellow
2808,Biodex,Red
2147,Pannier,Orange
4469,Zoolab,Violet
1161,Vagram,Yellow
3186,Bytecard,Aquamarine
4665,Sub-Ex,Violet
2140,Fixflex,Purple
1067,Konklux,Red
2238,Alphazap,Khaki
1648,Toughjoyfax,Yellow
2449,Duobam,Puce
988,Y-Solowarm,Violet
3383,Flowdesk,Aquamarine
2362,Daltfresh,Orange
352,Konklab,Goldenrod
4050,Aerified,Blue
275,Bytecard,Blue
2897,Tempsoft,Teal
4952,Span,Puce
3043,Alpha,Turquoise
507,Ronstring,Mauv
4204,Y-find,Crimson
576,Kanlam,Puce
3215,Cardify,Teal
4518,It,Indigo
914,Flexidy,Khaki
109,Span,Puce
2135,Tin,Orange
4819,Stringtough,Indigo
187,Kanlam,Aquamarine
4145,Konklab,Mauv
2950,Overhold,Violet
1184,Lotlux,Mauv
4536,Flowdesk,Aquamarine
2482,Fintone,Goldenrod
4141,Y-Solowarm,Green
561,Holdlamis,Crimson
854,Flexidy,Indigo
3583,Zontrax,Blue
2596,Voltsillam,Maroon
81,Tempsoft,Green
1896,Domainer,Purple
4415,Stringtough,Purple
4312,Y-find,Mauv
1160,Stringtough,Turquoise
3833,Alphazap,Blue
3562,Stringtough,Red
57,Toughjoyfax,Green
2922,Pannier,Fuscia
2240,Hatity,Violet
4856,Tampflex,Red
1526,Voyatouch,Goldenrod
2399,Treeflex,Maroon
1724,Lotstring,Crimson
1809,Span,Yellow
1927,Aerified,Maroon
231,Opela,Indigo
3752,Bitwolf,Orange
3766,Latlux,Blue
1163,Ventosanzap,Green
4249,Zamit,Violet
1409,Matsoft,Purple
4949,Tin,Pink
2983,Job,Green
2123,Kanlam,Purple
3387,Keylex,Yellow
1287,Y-Solowarm,Fuscia
1451,Opela,Goldenrod
839,Job,Turquoise
2130,Matsoft,Yellow
2904,Tresom,Indigo
4775,Daltfresh,Mauv
3728,Zamit,Red
3384,Cardguard,Maroon
901,Subin,Puce
2699,Fixflex,Fuscia
4209,Gembucket,Teal
4985,Asoka,Maroon
2134,Prodder,Fuscia
3758,Aerified,Turquoise
1015,Y-Solowarm,Maroon
3891,Rank,Blue
4545,Stringtough,Mauv
236,MatLamTam,Turquoise
4600,Tresom,Maroon
3106,Temp,Blue
651,Matsoft,Puce
4023,Sonsing,Mauv
720,Cookley,Red
3991,Konklab,Mauv
1662,Duobam,Aquamarine
3824,Prodder,Indigo
2999,Regrant,Crimson
3642,Lotlux,Indigo
2215,Veribet,Yellow
968,Sonair,Maroon
4403,Prodder,Violet
4453,Lotstring,Maroon
3490,Alpha,Yellow
1021,Duobam,Violet
2059,Sub-Ex,Pink
3867,Voyatouch,Pink
3984,Stronghold,Purple
922,Sonsing,Turquoise
2690,Bigtax,Red
1329,Tres-Zap,Red
4138,Veribet,Turquoise
625,Biodex,Indigo
453,Span,Orange
4613,Vagram,Red
3732,Zaam-Dox,Maroon
1985,Span,Purple
3509,Sonair,Goldenrod
814,Latlux,Yellow
1310,Konklab,Maroon
2398,Bamity,Green
4019,Holdlamis,Maroon
994,MatLamTam,Indigo
4587,Pannier,Yellow
3242,Trippledex,Teal
3308,Zaam-Dox,Puce
935,Matsoft,Fuscia
2947,Bitchip,Teal
4428,Job,Aquamarine
4406,Bamity,Violet
2767,Stronghold,Puce
1490,Zontrax,Goldenrod
3611,Sonsing,Indigo
4472,Alphazap,Mauv
2806,Stim,Orange
3168,MatLamTam,Red
4940,Rank,Violet
1983,Keylex,Blue
457,Keylex,Crimson
1981,Veribet,Blue
1023,Bigtax,Orange
3087,It,Green
2830,FixSan,Aquamarine
1917,Bytecard,Mauv
3619,It,Puce
871,Duobam,Aquamarine
4201,Voltsillam,Fuscia
4481,Opela,Puce
2009,Kanlam,Pink
3594,Prodder,Violet
2444,Aerified,Purple
1486,Lotstring,Turquoise
1169,Latlux,Blue
2393,Ronstring,Puce
505,Treeflex,Red
4132,Tampflex,Aquamarine
684,Subin,Yellow
1567,Daltfresh,Aquamarine
1983,Trippledex,Puce
2256,Span,Turquoise
242,Sonsing,Aquamarine
4512,Bitchip,Teal
4043,Zathin,Yellow
3610,Matsoft,Purple
4121,Overhold,Indigo
4285,Fintone,Teal
1284,Flowdesk,Red
794,Aerified,Teal
4554,Voltsillam,Indigo
2059,Y-find,Fuscia
1061,Job,Teal
1800,It,Fuscia
1175,Kanlam,Aquamarine
2099,Latlux,Goldenrod
4027,MatLamTam,Purple
2868,Wrapsafe,Green
3784,Andalax,Blue
596,Zontrax,Green
2934,Gembucket,Aquamarine
3696,Alpha,Purple
2709,Zoolab,Red
2359,Zoolab,Orange
4878,Transcof,Maroon
3117,Stim,Green
4376,Voltsillam,Puce
395,Fixflex,Yellow
2706,Trippledex,Yellow
4010,Zaam-Dox,Turquoise
691,Rank,Teal
2168,Tres-Zap,Purple
3195,Ventosanzap,Purple
3558,Fixflex,Yellow
2983,Redhold,Puce
4758,Otcom,Turquoise
134,Kanlam,Orange
4710,Fixflex,Teal
315,Transcof,Teal
3461,Temp,Green
85,Andalax,Orange
314,Fintone,Maroon
2416,Cookley,Aquamarine
1546,Namfix,Blue
3547,Span,Fuscia
3495,Voltsillam,Red
4874,Flexidy,Indigo
2062,Alpha,Indigo
3896,Tresom,Fuscia
4125,Keylex,Aquamarine
2412,Andalax,Teal
4817,Voyatouch,Crimson
2940,Tresom,Yellow
2105,Namfix,Violet
1228,HomeIng,Indigo
4781,Y-Solowarm,Teal
1607,Sub-Ex,Aquamarine
4072,Domainer,Aquamarine
496,Zathin,Fuscia
1455,Bitchip,Pink
2156,Trippledex,Maroon
1511,Kanlam,Teal
425,Alphazap,Khaki
4803,Toughjoyfax,Aquamarine
1351,Lotlux,Blue
3091,Voyatouch,Pink
4458,Fixflex,Red
1152,Job,Turquoise
1724,Biodex,Blue
4503,Redhold,Turquoise
2063,Span,Pink
104,Tres-Zap,Teal
4151,Asoka,Teal
4508,Opela,Orange
4854,Keylex,Aquamarine
2976,HomeIng,Puce
2831,Zathin,Blue
3264,Duobam,Goldenrod
91,Namfix,Teal
929,Stringtough,Crimson
1263,Voltsillam,Teal
3813,Tres-Zap,Green
28,Holdlamis,Red
2010,Bamity,Turquoise
350,Zaam-Dox,Purple
388,Zoolab,Puce
84,Y-find,Pink
60,Gembucket,Maroon
2249,Subin,Purple
3576,Vagram,Pink
4698,Lotstring,Orange
1262,Zaam-Dox,Pink
975,Span,Teal
4654,Hatity,Goldenrod
4786,Greenlam,Blue
2783,Matsoft,Mauv
2833,Sub-Ex,Red
1641,Flexidy,Violet
4710,Temp,Indigo
3177,Konklab,Blue
1222,Cardify,Red
3346,Flowdesk,Indigo
1715,Biodex,Mauv
69,Otcom,Maroon
829,Opela,Turquoise
1399,Vagram,Indigo
3472,Kanlam,Teal
1083,Sonsing,Yellow
3280,Viva,Orange
835,Job,Blue
1210,Gembucket,Maroon
1534,Alphazap,Orange
4568,Kanlam,Orange
4847,Toughjoyfax,Fuscia
3552,Bytecard,Violet
3419,FixSan,Green
4188,Stringtough,Purple
1133,Lotlux,Blue
4470,Tresom,Fuscia
3052,Zaam-Dox,Violet
3152,Gembucket,Fuscia
114,Sub-Ex,Teal
4901,Regrant,Puce
2845,Sonair,Aquamarine
589,Viva,Aquamarine
928,Latlux,Maroon
3444,Daltfresh,Khaki
335,Asoka,Blue
599,Voltsillam,Red
3299,Temp,Violet
3215,Daltfresh,Crimson
2971,Konklux,Crimson
622,Bamity,Khaki
4289,Tresom,Orange
4435,Bitchip,Crimson
4653,Matsoft,Red
2892,Rank,Orange
1721,Stim,Green
4113,Biodex,Yellow
4349,Toughjoyfax,Blue
4164,Konklab,Fuscia
4509,Zamit,Purple
2664,Stringtough,Orange
2343,It,Turquoise
626,Solarbreeze,Teal
1475,Namfix,Maroon
4338,Cardify,Indigo
3875,Ventosanzap,Khaki
1797,Biodex,Red
430,Namfix,Orange
1548,Ronstring,Orange
357,Span,Purple
1390,Pannier,Indigo
324,Voyatouch,Turquoise
576,Namfix,Orange
4889,Lotstring,Red
2851,Greenlam,Green
2900,Voyatouch,Puce
458,Voltsillam,Maroon
1888,Alphazap,Aquamarine
430,Keylex,Maroon
586,Temp,Blue
2907,Span,Indigo
1709,Konklux,Indigo
1389,Hatity,Maroon
4053,Zontrax,Orange
523,Bytecard,Teal
1542,Tresom,Goldenrod
4147,Zathin,Puce
3843,Ronstring,Goldenrod
4931,MatLamTam,Maroon
2954,Voltsillam,Goldenrod
1919,Keylex,Orange
437,Aerified,Violet
4218,Otcom,Violet
609,Hatity,Mauv
1823,Zoolab,Mauv
740,Bitchip,Teal
1164,Redhold,Indigo
4507,Viva,Purple
2354,Temp,Khaki
2425,Stim,Maroon
2775,Rank,Indigo
1143,Ronstring,Turquoise
188,Temp,Purple
2811,FixSan,Blue
4110,Subin,Mauv
3833,Stim,Goldenrod
4903,Konklab,Puce
3263,Lotstring,Yellow
461,Flowdesk,Fuscia
4703,Toughjoyfax,Puce
1705,Stringtough,Violet
1371,Latlux,Aquamarine
1352,Stronghold,Purple
1727,Y-Solowarm,Teal
2424,Latlux,Green
4619,FixSan,Puce
1717,Stim,Goldenrod
2889,Stronghold,Mauv
2415,Domainer,Teal
4628,Hatity,Maroon
677,Vagram,Yellow
3481,Tampflex,Turquoise
2372,Redhold,Yellow
3603,Pannier,Khaki
779,Lotlux,Fuscia
1911,Otcom,Blue
2454,Konklux,Red
2732,Toughjoyfax,Orange
4731,Zaam-Dox,Mauv
2710,Voyatouch,Yellow
669,Prodder,Indigo
2442,Zamit,Indigo
1515,Veribet,Maroon
519,Domainer,Aquamarine
2871,Andalax,Puce
3200,Treeflex,Khaki
4754,Tempsoft,Crimson
1477,Hatity,Crimson
1800,Opela,Teal
4466,Voyatouch,Yellow
4960,Gembucket,Crimson
206,Viva,Purple
2507,Treeflex,Orange
4723,Alpha,Crimson
3497,Voltsillam,Violet
3419,MatLamTam,Aquamarine
280,Konklab,Maroon
3250,Tres-Zap,Green
2948,MatLamTam,Pink
4637,Bitchip,Khaki
1869,Fixflex,Red
4050,Alphazap,Teal
2040,Lotstring,Turquoise
3342,Treeflex,Purple
1332,Konklab,Puce
4329,Gembucket,Red
1635,Aerified,Purple
4657,Asoka,Green
2721,Konklab,Fuscia
2026,Zamit,Green
3077,Treeflex,Violet
1352,Flexidy,Blue
2335,Latlux,Turquoise
1663,Fixflex,Orange
117,Holdlamis,Purple
2834,Ventosanzap,Khaki
2656,Treeflex,Violet
532,Matsoft,Goldenrod
4972,Zathin,Orange
1117,Toughjoyfax,Turquoise
2298,Bamity,Goldenrod
3135,Matsoft,Yellow
4597,Stronghold,Puce
1746,Latlux,Teal
844,Tin,Aquamarine
1227,MatLamTam,Violet
780,Andalax,Turquoise
510,Aerified,Maroon
2326,Pannier,Purple
4111,Flowdesk,Goldenrod
998,Greenlam,Pink
1909,Trippledex,Violet
4406,Veribet,Indigo
1274,Trippledex,Mauv
3264,Treeflex,Goldenrod
79,Stringtough,Pink
514,Overhold,Purple
2468,Konklux,Red
2258,Bytecard,Fuscia
2588,Zaam-Dox,Red
1443,Temp,Goldenrod
4009,Cardify,Violet
4238,Kanlam,Maroon
3759,Duobam,Turquoise
146,Zontrax,Puce
2879,Hatity,Red
1365,Daltfresh,Crimson
3639,MatLamTam,Blue
2425,Tin,Purple
2192,Tempsoft,Green
141,Latlux,Aquamarine
1584,Job,Turquoise
4554,Duobam,Purple
3932,Span,Mauv
751,Treeflex,Pink
3254,Tin,Pink
301,Solarbreeze,Blue
1080,Zaam-Dox,Turquoise
4037,Regrant,Pink
3850,Kanlam,Mauv
865,Treeflex,Turquoise
3455,It,Khaki
4784,Bitchip,Mauv
3896,Y-find,Puce
4169,Lotlux,Blue
415,Bytecard,Aquamarine
142,Sub-Ex,Fuscia
903,Job,Yellow
151,MatLamTam,Puce
2705,QuoLux,Indigo
3728,Viva,Khaki
4014,Treeflex,Mauv
2912,Zaam-Dox,Crimson
4029,Aerified,Crimson
2933,It,Mauv
1772,Veribet,Red
1660,Ventosanzap,Goldenrod
1999,Cookley,Red
249,Kanlam,Blue
2267,Viva,Teal
103,Cookley,Blue
2611,Kanlam,Fuscia
775,Veribet,Khaki
3062,Zathin,Mauv
1985,Daltfresh,Teal
1631,Konklab,Red
1129,Zaam-Dox,Blue
2395,Flowdesk,Maroon
1496,Zoolab,Turquoise
2758,Tampflex,Teal
1733,Bamity,Mauv
2016,Toughjoyfax,Pink
3679,It,Goldenrod
1705,Biodex,Violet
3465,Zontrax,Teal
2261,Rank,Khaki
4008,Otcom,Orange
4799,Temp,Fuscia
4684,Aerified,Fuscia
4088,Overhold,Turquoise
554,Voltsillam,Red
3829,Keylex,Green
301,Cardguard,Goldenrod
1760,Daltfresh,Turquoise
4722,Otcom,Indigo
3899,Fintone,Puce
2278,Kanlam,Crimson
3350,Toughjoyfax,Aquamarine
2929,Regrant,Mauv
3283,Fixflex,Mauv
3526,Treeflex,Goldenrod
1341,Span,Turquoise
1338,Greenlam,Yellow
4843,Tampflex,Fuscia
3896,Zathin,Khaki
1326,Transcof,Turquoise
112,Flexidy,Green
4477,Sonair,Crimson
4581,Tampflex,Yellow
543,Zaam-Dox,Turquoise
2347,Greenlam,Puce
1224,Holdlamis,Maroon
142,Flowdesk,Crimson
1670,Zontrax,Teal
3132,Gembucket,Puce
4796,Lotlux,Goldenrod
3056,Prodder,Maroon
2675,Cardify,Pink
2309,Zontrax,Goldenrod
1104,Tin,Aquamarine
3683,Flowdesk,Purple
4112,Ronstring,Fuscia
793,Hatity,Puce
662,Subin,Puce
2699,Zamit,Mauv
1191,Vagram,Maroon
1031,Fixflex,Turquoise
4467,Flowdesk,Crimson
762,Y-find,Aquamarine
174,Job,Teal
680,Tin,Yellow
4863,Trippledex,Aquamarine
2114,Vagram,Violet
3127,Sonair,Pink
2394,Daltfresh,Red
545,Bitwolf,Goldenrod
3436,Prodder,Orange
2781,Zamit,Fuscia
4671,Viva,Aquamarine
3803,Pannier,Turquoise
2083,Latlux,Green
1749,Bitwolf,Crimson
2898,Viva,Indigo
2171,Treeflex,Blue
1158,Biodex,Khaki
268,Greenlam,Green
1454,FixSan,Goldenrod
1249,Tin,Crimson
3776,Duobam,Pink
4963,Toughjoyfax,Khaki
1487,Alphazap,Mauv
2105,Otcom,Yellow
1251,FixSan,Violet
4937,Asoka,Indigo
1547,Biodex,Turquoise
908,Stronghold,Crimson
4943,Greenlam,Red
2982,Cardify,Crimson
2330,Lotlux,Purple
34,Holdlamis,Turquoise
1846,Voltsillam,Teal
544,Bitchip,Green
3706,Viva,Purple
513,Bitwolf,Yellow
1763,Opela,Puce
835,Tresom,Indigo
844,Gembucket,Green
1417,Konklux,Puce
2382,Y-Solowarm,Violet
4958,Transcof,Aquamarine
4980,Viva,Blue
2435,Bytecard,Maroon
1894,FixSan,Red
509,Sub-Ex,Red
3333,Trippledex,Fuscia
2749,Opela,Maroon
1984,Redhold,Aquamarine
2420,Otcom,Maroon
3384,Voyatouch,Green
717,Ventosanzap,Green
744,Vagram,Crimson
2947,Tin,Purple
3402,QuoLux,Green
3205,Span,Violet
1163,Zaam-Dox,Crimson
3412,Alphazap,Mauv
4704,Aerified,Purple
4420,FixSan,Maroon
3840,Bitchip,Violet
4123,Kanlam,Fuscia
643,Gembucket,Aquamarine
3299,Temp,Purple
50,Wrapsafe,Crimson
4452,Flexidy,Yellow
4988,Toughjoyfax,Aquamarine
3157,Flowdesk,Puce
1494,Fixflex,Orange
605,Zaam-Dox,Khaki
1495,Tres-Zap,Crimson
2381,Rank,Maroon
1962,Cookley,Crimson
2954,Zaam-Dox,Puce
1435,Flexidy,Orange
103,Tampflex,Mauv
1489,Redhold,Goldenrod
3916,Tampflex,Maroon
4157,Bytecard,Pink
1236,Flexidy,Blue
2022,Fixflex,Maroon
2709,Y-find,Yellow
2360,Treeflex,Indigo
2270,Flowdesk,Turquoise
943,Bamity,Goldenrod
4913,Wrapsafe,Purple
2878,Cardguard,Purple
3011,Zathin,Blue
4840,Namfix,Pink
3783,Bamity,Turquoise
4659,Bytecard,Puce
3267,QuoLux,Yellow
4858,Veribet,Green
1840,Voyatouch,Maroon
1630,Bamity,Yellow
2225,Tres-Zap,Khaki
589,Transcof,Puce
3079,Holdlamis,Violet
499,Voltsillam,Orange
1369,Latlux,Red
500,Redhold,Puce
4036,Tres-Zap,Crimson
4166,Opela,Indigo
1952,QuoLux,Crimson
4339,Gembucket,Turquoise
317,Flowdesk,Purple
4970,Stim,Orange
4292,Y-Solowarm,Puce
648,MatLamTam,Mauv
3613,Flowdesk,Orange
419,Bytecard,Yellow
3452,MatLamTam,Crimson
2117,Bytecard,Purple
219,Toughjoyfax,Maroon
